id,season,week,seasonType,startDate,startTimeTBD,completed,neutralSite,conferenceGame,venueId,venue,homeId,homeTeam,homeConference,homeClassification,homePregameElo,awayId,awayTeam,awayConference,awayClassification,awayPregameElo,highlights,attendance,homePoints,homeLineScores,homePostgameWinProbability,homePostgameElo,awayPoints,awayLineScores,awayPostgameWinProbability,awayPostgameElo,excitementIndex,notes,fetched_at_utc
401762862,2025,13,regular,2025-11-19 00:00:00+00:00,False,False,False,True,3700,Doyt L. Perry Stadium,189,Bowling Green,Mid-American,fbs,1244.0,2006,Akron,Mid-American,fbs,1087.0,,,,,,,,,,,,,2025-11-14T06:12:10.572423+00:00
401762864,2025,13,regular,2025-11-19 00:00:00+00:00,False,False,False,True,3764,Huskie Stadium,2459,Northern Illinois,Mid-American,fbs,1289.0,2711,Western Michigan,Mid-American,fbs,1378.0,,,,,,,,,,,,,2025-11-14T06:12:10.572423+00:00
401762863,2025,13,regular,2025-11-19 00:00:00+00:00,False,False,False,True,3876,Peden Stadium,195,Ohio,Mid-American,fbs,1585.0,113,Massachusetts,Mid-American,fbs,735.0,,,,,,,,,,,,,2025-11-14T06:12:10.572423+00:00
401762866,2025,13,regular,2025-11-20 00:00:00+00:00,False,False,False,True,3696,Dix Stadium,2309,Kent State,Mid-American,fbs,972.0,2117,Central Michigan,Mid-American,fbs,1293.0,,,,,,,,,,,,,2025-11-14T06:12:10.572423+00:00
401762865,2025,13,regular,2025-11-20 00:00:00+00:00,False,False,False,True,3965,UB Stadium,2084,Buffalo,Mid-American,fbs,1318.0,193,Miami (OH),Mid-American,fbs,1421.0,,,,,,,,,,,,,2025-11-14T06:12:10.572423+00:00
401767520,2025,13,regular,2025-11-21 00:00:00+00:00,False,False,False,True,3944,Strawberry Stadium,2545,SE Louisiana,Southland,fcs,,2447,Nicholls,Southland,fcs,,,,,,,,,,,,,,2025-11-14T06:12:10.572423+00:00
401767522,2025,13,regular,2025-11-21 00:30:00+00:00,False,False,False,True,3963,Harry Turpin Stadium,2466,Northwestern State,Southland,fcs,,2617,Stephen F. Austin,Southland,fcs,,,,,,,,,,,,,,2025-11-14T06:12:10.572423+00:00
401761655,2025,13,regular,2025-11-21 00:30:00+00:00,False,False,False,True,3625,Centennial Bank Stadium,2032,Arkansas State,Sun Belt,fbs,1306.0,309,Louisiana,Sun Belt,fbs,1350.0,,,,,,,,,,,,,2025-11-14T06:12:10.572423+00:00
401754598,2025,13,regular,2025-11-22 01:00:00+00:00,False,False,False,True,3670,Carter-Finley Stadium,152,NC State,ACC,fbs,1498.0,52,Florida State,ACC,fbs,1609.0,,,,,,,,,,,,,2025-11-14T06:12:10.572423+00:00
401760418,2025,13,regular,2025-11-22 03:30:00+00:00,False,False,False,True,6501,Allegiant Stadium,2439,UNLV,Mountain West,fbs,1605.0,62,Hawai'i,Mountain West,fbs,1480.0,,,,,,,,,,,,,2025-11-14T06:12:10.572423+00:00
401752780,2025,13,regular,2025-11-22 05:00:00+00:00,True,False,False,True,3910,DKR-Texas Memorial Stadium,251,Texas,SEC,fbs,1924.0,8,Arkansas,SEC,fbs,1594.0,,,,,,,,,,,,FLEX: 3:30 - 4:30pm OR 6 - 8pm ET start,2025-11-14T06:12:10.572423+00:00
401767761,2025,13,regular,2025-11-22 05:00:00+00:00,True,False,False,True,6043,Bethpage Federal Credit Union Stadium,2341,Long Island University,NEC,fcs,,2681,Wagner,NEC,fcs,,,,,,,,,,,,,,2025-11-14T06:12:10.572423+00:00
401767749,2025,13,regular,2025-11-22 05:00:00+00:00,True,False,False,True,3624,Arute Field,2115,Central Connecticut,NEC,fcs,,2385,Mercyhurst,NEC,fcs,,,,,,,,,,,,,,2025-11-14T06:12:10.572423+00:00
401767125,2025,13,regular,2025-11-22 05:00:00+00:00,True,False,False,True,3856,Nottingham Field,2458,Northern Colorado,Big Sky,fcs,,2502,Portland State,Big Sky,fcs,,,,,,,,,,,,,,2025-11-14T06:12:10.572423+00:00
401762511,2025,13,regular,2025-11-22 05:00:00+00:00,True,False,False,True,7221,Protective Stadium,5,UAB,American Athletic,fbs,1223.0,58,South Florida,American Athletic,fbs,1734.0,,,,,,,,,,,,,2025-11-14T06:12:10.572423+00:00
401767430,2025,13,regular,2025-11-22 05:00:00+00:00,True,False,False,True,5238,Panther Stadium,2504,Prairie View A&M,SWAC,fcs,,2400,Mississippi Valley State,SWAC,fcs,,,,,,,,,,,,,,2025-11-14T06:12:10.572423+00:00
401754601,2025,13,regular,2025-11-22 05:00:00+00:00,True,False,False,True,721,Bobby Dodd Stadium,59,Georgia Tech,ACC,fbs,1612.0,221,Pittsburgh,ACC,fbs,1668.0,,,,,,,,,,,,,2025-11-14T06:12:10.572423+00:00
401767696,2025,13,regular,2025-11-22 05:00:00+00:00,True,False,False,True,3921,Schoellkopf Field,172,Cornell,Ivy,fcs,,171,Columbia,Ivy,fcs,,,,,,,,,,,,,,2025-11-14T06:12:10.572423+00:00
401752910,2025,13,regular,2025-11-22 05:00:00+00:00,True,False,False,True,1056,Rose Bowl,26,UCLA,Big Ten,fbs,1381.0,264,Washington,Big Ten,fbs,1699.0,,,,,,,,,,,,,2025-11-14T06:12:10.572423+00:00
401754603,2025,13,regular,2025-11-22 05:00:00+00:00,True,False,False,True,3799,Lane Stadium,259,Virginia Tech,ACC,fbs,1431.0,2390,Miami,ACC,fbs,1865.0,,,,,,,,,,,,,2025-11-14T06:12:10.572423+00:00
401752912,2025,13,regular,2025-11-22 05:00:00+00:00,True,False,False,True,3861,Ohio Stadium,194,Ohio State,Big Ten,fbs,2125.0,164,Rutgers,Big Ten,fbs,1458.0,,,,,,,,,,,,,2025-11-14T06:12:10.572423+00:00
401762513,2025,13,regular,2025-11-22 05:00:00+00:00,True,False,False,True,3604,Alamodome,2636,UTSA,American Athletic,fbs,1465.0,151,East Carolina,American Athletic,fbs,1599.0,,,,,,,,,,,,,2025-11-14T06:12:10.572423+00:00
401762514,2025,13,regular,2025-11-22 05:00:00+00:00,True,False,False,True,3895,Rice Stadium,242,Rice,American Athletic,fbs,1169.0,249,North Texas,American Athletic,fbs,1690.0,,,,,,,,,,,,,2025-11-14T06:12:10.572423+00:00
401762515,2025,13,regular,2025-11-22 05:00:00+00:00,True,False,False,True,3806,Lincoln Financial Field,218,Temple,American Athletic,fbs,1266.0,2655,Tulane,American Athletic,fbs,1545.0,,,,,,,,,,,,,2025-11-14T06:12:10.572423+00:00
401752954,2025,13,regular,2025-11-22 05:00:00+00:00,True,False,False,False,3651,Bridgeforth Stadium,256,James Madison,Sun Belt,fbs,1802.0,265,Washington State,Pac-12,fbs,1434.0,,,,,,,,,,,,,2025-11-14T06:12:10.572423+00:00
401752913,2025,13,regular,2025-11-22 05:00:00+00:00,True,False,False,True,3793,Kinnick Stadium,2294,Iowa,Big Ten,fbs,1912.0,127,Michigan State,Big Ten,fbs,1365.0,,,,,,,,,,,,,2025-11-14T06:12:10.572423+00:00
401752914,2025,13,regular,2025-11-22 05:00:00+00:00,True,False,False,True,3665,SECU Stadium,120,Maryland,Big Ten,fbs,1467.0,130,Michigan,Big Ten,fbs,1809.0,,,,,,,,,,,,,2025-11-14T06:12:10.572423+00:00
401752915,2025,13,regular,2025-11-22 05:00:00+00:00,True,False,False,True,347,Camp Randall Stadium,275,Wisconsin,Big Ten,fbs,1459.0,356,Illinois,Big Ten,fbs,1603.0,,,,,,,,,,,,,2025-11-14T06:12:10.572423+00:00
401752911,2025,13,regular,2025-11-22 05:00:00+00:00,True,False,False,True,3626,Autzen Stadium,2483,Oregon,Big Ten,fbs,2050.0,30,USC,Big Ten,fbs,1911.0,,,,,,,,,,,,,2025-11-14T06:12:10.572423+00:00
401752908,2025,13,regular,2025-11-22 05:00:00+00:00,True,False,False,True,3632,Beaver Stadium,213,Penn State,Big Ten,fbs,1950.0,158,Nebraska,Big Ten,fbs,1648.0,,,,,,,,,,,,,2025-11-14T06:12:10.572423+00:00
401752909,2025,13,regular,2025-11-22 05:00:00+00:00,True,False,True,True,4250,Wrigley Field,77,Northwestern,Big Ten,fbs,1516.0,135,Minnesota,Big Ten,fbs,1514.0,,,,,,,,,,,,,2025-11-14T06:12:10.572423+00:00
401754600,2025,13,regular,2025-11-22 05:00:00+00:00,True,False,False,True,3787,Kenan Stadium,153,North Carolina,ACC,fbs,1393.0,150,Duke,ACC,fbs,1625.0,,,,,,,,,,,,,2025-11-14T06:12:10.572423+00:00
401756956,2025,13,regular,2025-11-22 05:00:00+00:00,True,False,False,True,3726,Folsom Field,38,Colorado,Big 12,fbs,1377.0,9,Arizona State,Big 12,fbs,1617.0,,,,,,,,,,,,,2025-11-14T06:12:10.572423+00:00
401760416,2025,13,regular,2025-11-22 05:00:00+00:00,True,False,False,True,3653,Albertsons Stadium,68,Boise State,Mountain West,fbs,1616.0,36,Colorado State,Mountain West,fbs,1221.0,,,,,,,,,,,,,2025-11-14T06:12:10.572423+00:00
401756958,2025,13,regular,2025-11-22 05:00:00+00:00,True,False,False,True,3772,Jack Trice Stadium,66,Iowa State,Big 12,fbs,1600.0,2305,Kansas,Big 12,fbs,1554.0,,,,,,,,,,,,,2025-11-14T06:12:10.572423+00:00
401756960,2025,13,regular,2025-11-22 05:00:00+00:00,True,False,False,True,587,Rice-Eccles Stadium,254,Utah,Big 12,fbs,1941.0,2306,Kansas State,Big 12,fbs,1705.0,,,,,,,,,,,,,2025-11-14T06:12:10.572423+00:00
401754602,2025,13,regular,2025-11-22 05:00:00+00:00,True,False,False,True,3735,Gerald J. Ford Stadium,2567,SMU,ACC,fbs,1782.0,97,Louisville,ACC,fbs,1709.0,,,,,,,,,,,,,2025-11-14T06:12:10.572423+00:00
401756954,2025,13,regular,2025-11-22 05:00:00+00:00,True,False,False,True,3619,Arizona Stadium,12,Arizona,Big 12,fbs,1580.0,239,Baylor,Big 12,fbs,1621.0,,,,,,,,,,,,,2025-11-14T06:12:10.572423+00:00
401756955,2025,13,regular,2025-11-22 05:00:00+00:00,True,False,False,True,3854,Nippert Stadium,2132,Cincinnati,Big 12,fbs,1590.0,252,BYU,Big 12,fbs,1688.0,,,,,,,,,,,,,2025-11-14T06:12:10.572423+00:00
401756957,2025,13,regular,2025-11-22 05:00:00+00:00,True,False,False,True,4728,TDECU Stadium,248,Houston,Big 12,fbs,1476.0,2628,TCU,Big 12,fbs,1689.0,,,,,,,,,,,,,2025-11-14T06:12:10.572423+00:00
401752775,2025,13,regular,2025-11-22 05:00:00+00:00,True,False,False,True,3634,Ben Hill Griffin Stadium,57,Florida,SEC,fbs,1555.0,2633,Tennessee,SEC,fbs,1814.0,,,,,,,,,,,,FLEX: 3:30 - 4:30pm OR 6 - 8pm ET start,2025-11-14T06:12:10.572423+00:00
401760420,2025,13,regular,2025-11-22 05:00:00+00:00,True,False,False,True,7311,Snapdragon Stadium,21,San Diego State,Mountain West,fbs,1480.0,23,San Jos√© State,Mountain West,fbs,1391.0,,,,,,,,,,,,,2025-11-14T06:12:10.572423+00:00
401762512,2025,13,regular,2025-11-22 17:00:00+00:00,False,False,False,True,3841,Michie Stadium,349,Army,American Athletic,fbs,1529.0,202,Tulsa,American Athletic,fbs,1037.0,,,,,,,,,,,,,2025-11-14T06:12:10.572423+00:00
401767403,2025,13,regular,2025-11-22 17:00:00+00:00,False,False,False,True,3762,Hughes Stadium,2415,Morgan State,MEAC,fcs,,2428,North Carolina Central,MEAC,fcs,,,,,,,,,,,,,,2025-11-14T06:12:10.572423+00:00
401752781,2025,13,regular,2025-11-22 17:00:00+00:00,False,False,False,False,3795,Kyle Field,245,Texas A&M,SEC,fbs,1912.0,2535,Samford,Southern,fcs,,,,,,,1912.0,,,,,,,2025-11-14T06:12:10.572423+00:00
401767139,2025,13,regular,2025-11-22 17:00:00+00:00,False,False,False,True,3788,Kenneth P. LaValle Stadium,2619,Stony Brook,CAA,fcs,,2803,Bryant,CAA,fcs,,,,,,,,,,,,,,2025-11-14T06:12:10.572423+00:00
401767264,2025,13,regular,2025-11-22 17:00:00+00:00,False,False,False,True,5389,Kessler Stadium,2405,Monmouth,CAA,fcs,,399,UAlbany,CAA,fcs,,,,,,,,,,,,,,2025-11-14T06:12:10.572423+00:00
401767678,2025,13,regular,2025-11-22 17:00:00+00:00,False,False,False,True,3656,Brown Stadium,225,Brown,Ivy,fcs,,159,Dartmouth,Ivy,fcs,,,,,,,,,,,,,,2025-11-14T06:12:10.572423+00:00
401767708,2025,13,regular,2025-11-22 17:00:00+00:00,False,False,False,True,3997,Yale Bowl,43,Yale,Ivy,fcs,,108,Harvard,Ivy,fcs,,,,,,,,,,,,,,2025-11-14T06:12:10.572423+00:00
401752778,2025,13,regular,2025-11-22 17:00:00+00:00,False,False,False,True,3835,"Memorial Stadium (Norman, OK)",201,Oklahoma,SEC,fbs,1794.0,142,Missouri,SEC,fbs,1734.0,,,,,,,,,,,,,2025-11-14T06:12:10.572423+00:00
401754606,2025,13,regular,2025-11-22 17:00:00+00:00,False,False,False,False,3630,Allegacy Federal Credit Union Stadium,154,Wake Forest,ACC,fbs,1412.0,48,Delaware,Conference USA,fbs,1386.0,,,,,,,,,,,,,2025-11-14T06:12:10.572423+00:00
401767718,2025,13,regular,2025-11-22 17:00:00+00:00,False,False,False,False,6048,Duane Stadium,2771,Merrimack,FCS Independents,fcs,,2230,Fordham,Patriot,fcs,,,,,,,,,,,,,,2025-11-14T06:12:10.572423+00:00
401767591,2025,13,regular,2025-11-22 17:00:00+00:00,False,False,False,True,3597,Alumni Memorial Field,2678,VMI,Southern,fcs,,2717,Western Carolina,Southern,fcs,,,,,,,,,,,,,,2025-11-14T06:12:10.572423+00:00
401767738,2025,13,regular,2025-11-22 17:30:00+00:00,False,False,False,True,3721,Fisher Field,322,Lafayette,Patriot,fcs,,2329,Lehigh,Patriot,fcs,,,,,,,,,,,,,,2025-11-14T06:12:10.572423+00:00
401752776,2025,13,regular,2025-11-22 17:45:00+00:00,False,False,False,False,3917,Sanford Stadium,61,Georgia,SEC,fbs,2018.0,2429,Charlotte,American Athletic,fbs,1020.0,,,,,,,,,,,,,2025-11-14T06:12:10.572423+00:00
401767647,2025,13,regular,2025-11-22 18:00:00+00:00,False,False,False,True,4416,Spec Martin Municipal Stadium,56,Stetson,Pioneer,fcs,,301,San Diego,Pioneer,fcs,,,,,,,,,,,,,,2025-11-14T06:12:10.572423+00:00
401767725,2025,13,regular,2025-11-22 18:00:00+00:00,False,False,False,True,3722,Fitton Field,107,Holy Cross,Patriot,fcs,,46,Georgetown,Patriot,fcs,,,,,,,,,,,,,,2025-11-14T06:12:10.572423+00:00
401767770,2025,13,regular,2025-11-22 18:00:00+00:00,False,False,False,True,6075,W.B. Mason Stadium,284,Stonehill,NEC,fcs,,2598,St. Francis (PA),NEC,fcs,,,,,,,,,,,,,,2025-11-14T06:12:10.572423+00:00
401761657,2025,13,regular,2025-11-22 18:00:00+00:00,False,False,False,True,3608,Allen E. Paulson Stadium,290,Georgia Southern,Sun Belt,fbs,1314.0,295,Old Dominion,Sun Belt,fbs,1564.0,,,,,,,,,,,,,2025-11-14T06:12:10.572423+00:00
401788996,2025,13,regular,2025-11-22 18:00:00+00:00,False,False,False,True,3730,Franklin Field,219,Pennsylvania,Ivy,fcs,,163,Princeton,Ivy,fcs,,,,,,,,,,,,,,2025-11-14T06:12:10.572423+00:00
401767564,2025,13,regular,2025-11-22 18:00:00+00:00,False,False,False,True,5400,William B. Greene Jr. Stadium,2193,East Tennessee State,Southern,fcs,,2643,The Citadel,Southern,fcs,,,,,,,,,,,,,,2025-11-14T06:12:10.572423+00:00
401767445,2025,13,regular,2025-11-22 18:00:00+00:00,False,False,False,True,3744,Hancock Stadium,2287,Illinois State,MVFC,fcs,,79,Southern Illinois,MVFC,fcs,,,,,,,,,,,,,,2025-11-14T06:12:10.572423+00:00
401767633,2025,13,regular,2025-11-22 18:00:00+00:00,False,False,False,True,3627,Bailey Memorial Stadium,2506,Presbyterian,Pioneer,fcs,,2368,Marist,Pioneer,fcs,,,,,,,,,,,,,,2025-11-14T06:12:10.572423+00:00
401767671,2025,13,regular,2025-11-22 18:00:00+00:00,False,False,False,True,3617,Andy Kerr Stadium,2142,Colgate,Patriot,fcs,,2083,Bucknell,Patriot,fcs,,,,,,,,,,,,,,2025-11-14T06:12:10.572423+00:00
401767148,2025,13,regular,2025-11-22 18:00:00+00:00,False,False,False,True,3781,Johnny Unitas Stadium,119,Towson,CAA,fcs,,2097,Campbell,CAA,fcs,,,,,,,,,,,,,,2025-11-14T06:12:10.572423+00:00
401767188,2025,13,regular,2025-11-22 18:00:00+00:00,False,False,False,True,3824,Meade Stadium,227,Rhode Island,CAA,fcs,,2261,Hampton,CAA,fcs,,,,,,,,,,,,,,2025-11-14T06:12:10.572423+00:00
401767195,2025,13,regular,2025-11-22 18:00:00+00:00,False,False,False,True,3688,Wildcat Stadium,160,New Hampshire,CAA,fcs,,311,Maine,CAA,fcs,,,,,,,,,,,,,,2025-11-14T06:12:10.572423+00:00
401767234,2025,13,regular,2025-11-22 18:00:00+00:00,False,False,False,True,3962,Tucker Stadium,2635,Tennessee Tech,Big South-OVC,fcs,,2630,UT Martin,Big South-OVC,fcs,,,,,,,,,,,,,,2025-11-14T06:12:10.572423+00:00
401767338,2025,13,regular,2025-11-22 18:00:00+00:00,False,False,False,False,717,Villanova Stadium,222,Villanova,CAA,fcs,,2529,Sacred Heart,FCS Independents,fcs,,,,,,,,,,,,,,2025-11-14T06:12:10.572423+00:00
401767349,2025,13,regular,2025-11-22 18:00:00+00:00,False,False,False,True,3613,Alumni Stadium,2169,Delaware State,MEAC,fcs,,2569,South Carolina State,MEAC,fcs,,,,,,,,,,,,,,2025-11-14T06:12:10.572423+00:00
401767340,2025,13,regular,2025-11-22 18:00:00+00:00,False,False,False,True,3998,Zable Stadium,2729,William & Mary,CAA,fcs,,257,Richmond,Patriot,fcs,,,,,,,,,,,,,,2025-11-14T06:12:10.572423+00:00
401767453,2025,13,regular,2025-11-22 18:00:00+00:00,False,False,False,True,3829,Memorial Stadium,282,Indiana State,MVFC,fcs,,93,Murray State,MVFC,fcs,,,,,,,,,,,,,,2025-11-14T06:12:10.572423+00:00
401767601,2025,13,regular,2025-11-22 18:00:00+00:00,False,False,False,True,3664,Butler Bowl,2086,Butler,Pioneer,fcs,,2674,Valparaiso,Pioneer,fcs,,,,,,,,,,,,,,2025-11-14T06:12:10.572423+00:00
401767611,2025,13,regular,2025-11-22 18:00:00+00:00,False,False,False,True,3897,Richardson Stadium,2166,Davidson,Pioneer,fcs,,2168,Dayton,Pioneer,fcs,,,,,,,,,,,,,,2025-11-14T06:12:10.572423+00:00
401767625,2025,13,regular,2025-11-22 18:00:00+00:00,False,False,False,True,3701,Drake Stadium,2181,Drake,Pioneer,fcs,,2413,Morehead State,Pioneer,fcs,,,,,,,,,,,,,,2025-11-14T06:12:10.572423+00:00
401767557,2025,13,regular,2025-11-22 18:30:00+00:00,False,False,False,True,3737,Gibbs Stadium,2747,Wofford,Southern,fcs,,236,Chattanooga,Southern,fcs,,,,,,,,,,,,,,2025-11-14T06:12:10.572423+00:00
401767208,2025,13,regular,2025-11-22 18:30:00+00:00,False,False,False,True,3710,Ernest W. Spangler Stadium,2241,Gardner-Webb,Big South-OVC,fcs,,2710,Western Illinois,Big South-OVC,fcs,,,,,,,,,,,,,,2025-11-14T06:12:10.572423+00:00
401752774,2025,13,regular,2025-11-22 19:00:00+00:00,False,False,False,False,3785,Jordan-Hare Stadium,2,Auburn,SEC,fbs,1660.0,2382,Mercer,Southern,fcs,,,,,,,1660.0,,,,,,,2025-11-14T06:12:10.572423+00:00
401767215,2025,13,regular,2025-11-22 19:00:00+00:00,False,False,False,True,7003,Houck Field,2546,Southeast Missouri State,Big South-OVC,fcs,,2815,Lindenwood,Big South-OVC,fcs,,,,,,,,,,,,,,2025-11-14T06:12:10.572423+00:00
401767508,2025,13,regular,2025-11-22 19:00:00+00:00,False,False,False,True,3605,Alerus Center,155,North Dakota,MVFC,fcs,,2571,South Dakota State,MVFC,fcs,,,,,,,,,,,,,,2025-11-14T06:12:10.572423+00:00
401767540,2025,13,regular,2025-11-22 19:00:00+00:00,False,False,False,True,3967,UNI-Dome,2460,Northern Iowa,MVFC,fcs,,2754,Youngstown State,MVFC,fcs,,,,,,,,,,,,,,2025-11-14T06:12:10.572423+00:00
401767756,2025,13,regular,2025-11-22 19:00:00+00:00,False,False,False,True,3777,Joe Walton Stadium,2523,Robert Morris,NEC,fcs,,2184,Duquesne,NEC,fcs,,,,,,,,,,,,,,2025-11-14T06:12:10.572423+00:00
401752773,2025,13,regular,2025-11-22 19:00:00+00:00,False,False,False,False,3657,Bryant-Denny Stadium,333,Alabama,SEC,fbs,1984.0,2197,Eastern Illinois,Big South-OVC,fcs,,,,,,,1984.0,,,,,,,2025-11-14T06:12:10.572423+00:00
401767170,2025,13,regular,2025-11-22 19:00:00+00:00,False,False,False,True,3658,Buccaneer Field,2127,Charleston Southern,Big South-OVC,fcs,,2634,Tennessee State,Big South-OVC,fcs,,,,,,,,,,,,,,2025-11-14T06:12:10.572423+00:00
401767178,2025,13,regular,2025-11-22 19:00:00+00:00,False,False,False,True,3894,Rhodes Stadium,2210,Elon,CAA,fcs,,2448,North Carolina A&T,CAA,fcs,,,,,,,,,,,,,,2025-11-14T06:12:10.572423+00:00
401767104,2025,13,regular,2025-11-22 19:00:00+00:00,False,False,False,True,3987,Washington-Grizzly Stadium,149,Montana,Big Sky,fcs,,147,Montana State,Big Sky,fcs,,,,,,,,,,,,,,2025-11-14T06:12:10.572423+00:00
401767291,2025,13,regular,2025-11-22 19:00:00+00:00,False,False,False,True,4133,Braly Municipal Stadium,2453,North Alabama,UAC,fcs,,253,Southern Utah,UAC,fcs,,,,,,,,,,,,,,2025-11-14T06:12:10.572423+00:00
401762867,2025,13,regular,2025-11-22 19:00:00+00:00,False,False,False,True,3739,Glass Bowl,2649,Toledo,Mid-American,fbs,1630.0,2050,Ball State,Mid-American,fbs,1047.0,,,,,,,,,,,,,2025-11-14T06:12:10.572423+00:00
401757306,2025,13,regular,2025-11-22 19:00:00+00:00,False,False,False,True,4899,Fifth Third Stadium,338,Kennesaw State,Conference USA,fbs,1381.0,2623,Missouri State,Conference USA,fbs,1358.0,,,,,,,,,,,,,2025-11-14T06:12:10.572423+00:00
401760419,2025,13,regular,2025-11-22 19:00:00+00:00,False,False,False,True,3984,War Memorial Stadium,2751,Wyoming,Mountain West,fbs,1390.0,2440,Nevada,Mountain West,fbs,1105.0,,,,,,,,,,,,,2025-11-14T06:12:10.572423+00:00
401761656,2025,13,regular,2025-11-22 19:30:00+00:00,False,False,False,True,3792,Kidd Brewer Stadium,2026,App State,Sun Belt,fbs,1328.0,276,Marshall,Sun Belt,fbs,1508.0,,,,,,,,,,,,,2025-11-14T06:12:10.572423+00:00
401767475,2025,13,regular,2025-11-22 20:00:00+00:00,False,False,False,True,4424,Husky Stadium,2277,Houston Christian,Southland,fcs,,2916,Incarnate Word,Southland,fcs,,,,,,,,,,,,,,2025-11-14T06:12:10.572423+00:00
401757308,2025,13,regular,2025-11-22 20:00:00+00:00,False,False,False,True,3725,"Johnny ""Red"" Floyd Stadium",2393,Middle Tennessee,Conference USA,fbs,1134.0,2534,Sam Houston,Conference USA,fbs,1072.0,,,,,,,,,,,,,2025-11-14T06:12:10.572423+00:00
401757307,2025,13,regular,2025-11-22 20:00:00+00:00,False,False,False,True,3776,Joe Aillet Stadium,2348,Louisiana Tech,Conference USA,fbs,1462.0,2335,Liberty,Conference USA,fbs,1488.0,,,,,,,,,,,,,2025-11-14T06:12:10.572423+00:00
401757175,2025,13,regular,2025-11-22 20:00:00+00:00,False,False,False,False,3715,FAU Stadium,2226,Florida Atlantic,American Athletic,fbs,1247.0,41,UConn,FBS Independents,fbs,1563.0,,,,,,,,,,,,,2025-11-14T06:12:10.572423+00:00
401767358,2025,13,regular,2025-11-22 20:00:00+00:00,False,False,False,True,3631,BBVA Compass Stadium,2640,Texas Southern,SWAC,fcs,,2010,Alabama A&M,SWAC,fcs,,,,,,,,,,,,,,2025-11-14T06:12:10.572423+00:00
401767367,2025,13,regular,2025-11-22 20:00:00+00:00,False,False,False,True,4582,Hornet Stadium,2011,Alabama State,SWAC,fcs,,2029,Arkansas-Pine Bluff,SWAC,fcs,,,,,,,,,,,,,,2025-11-14T06:12:10.572423+00:00
401767118,2025,13,regular,2025-11-22 20:00:00+00:00,False,False,False,True,3942,Stewart Stadium,2692,Weber State,Big Sky,fcs,,2464,Northern Arizona,Big Sky,fcs,,,,,,,,,,,,,,2025-11-14T06:12:10.572423+00:00
401757309,2025,13,regular,2025-11-22 20:00:00+00:00,False,False,False,True,3946,Sun Bowl,2638,UTEP,Conference USA,fbs,1233.0,166,New Mexico State,Conference USA,fbs,1201.0,,,,,,,,,,,,,2025-11-14T06:12:10.572423+00:00
401767397,2025,13,regular,2025-11-22 20:30:00+00:00,False,False,False,True,3990,William H. Greene Stadium,47,Howard,MEAC,fcs,,2450,Norfolk State,MEAC,fcs,,,,,,,,,,,,,,2025-11-14T06:12:10.572423+00:00
401757305,2025,13,regular,2025-11-22 20:30:00+00:00,False,False,False,True,2031,Pitbull Stadium,2229,Florida International,Conference USA,fbs,1306.0,55,Jacksonville State,Conference USA,fbs,1512.0,,,,,,,,,,,,,2025-11-14T06:12:10.572423+00:00
401761658,2025,13,regular,2025-11-22 20:30:00+00:00,False,False,False,True,6526,Hancock Whitney Stadium,6,South Alabama,Sun Belt,fbs,1375.0,2572,Southern Miss,Sun Belt,fbs,1362.0,,,,,,,,,,,,,2025-11-14T06:12:10.572423+00:00
401752782,2025,13,regular,2025-11-22 20:30:00+00:00,False,False,False,True,3973,FirstBank Stadium,238,Vanderbilt,SEC,fbs,1770.0,96,Kentucky,SEC,fbs,1635.0,,,,,,,,,,,,,2025-11-14T06:12:10.572423+00:00
401767515,2025,13,regular,2025-11-22 20:30:00+00:00,False,False,False,False,3714,Fargodome,2449,North Dakota State,MVFC,fcs,,2900,St. Thomas (MN),Pioneer,fcs,,,,,,,,,,,,,,2025-11-14T06:12:10.572423+00:00
401767394,2025,13,regular,2025-11-22 20:30:00+00:00,False,False,True,True,4013,Camping World Stadium,50,Florida A&M,SWAC,fcs,,2065,Bethune-Cookman,SWAC,fcs,,,,,,,,,,,,,Florida Classic,2025-11-14T06:12:10.572423+00:00
401767378,2025,13,regular,2025-11-22 20:30:00+00:00,False,False,False,True,3976,Mississippi Veterans Memorial Stadium,2016,Alcorn State,SWAC,fcs,,2296,Jackson State,SWAC,fcs,,,,,,,,,,,,,,2025-11-14T06:12:10.572423+00:00
401754604,2025,13,regular,2025-11-22 20:30:00+00:00,False,False,False,False,3855,Notre Dame Stadium,87,Notre Dame,FBS Independents,fbs,2186.0,183,Syracuse,ACC,fbs,1304.0,,,,,,,,,,,,,2025-11-14T06:12:10.572423+00:00
401767134,2025,13,regular,2025-11-22 21:00:00+00:00,False,False,False,True,3602,Aggie Stadium,302,UC Davis,Big Sky,fcs,,16,Sacramento State,Big Sky,fcs,,,,,,,,,,,,,,2025-11-14T06:12:10.572423+00:00
401756959,2025,13,regular,2025-11-22 21:00:00+00:00,False,False,False,True,3652,FBC Mortgage Stadium,2116,UCF,Big 12,fbs,1528.0,197,Oklahoma State,Big 12,fbs,1049.0,,,,,,,,,,,,,2025-11-14T06:12:10.572423+00:00
401761660,2025,13,regular,2025-11-22 21:00:00+00:00,False,False,False,True,3975,Veterans Memorial Stadium (AL),2653,Troy,Sun Belt,fbs,1361.0,2247,Georgia State,Sun Belt,fbs,1098.0,,,,,,,,,,,,,2025-11-14T06:12:10.572423+00:00
401767489,2025,13,regular,2025-11-22 21:00:00+00:00,False,False,False,True,3882,Provost Umphrey Stadium,2320,Lamar,Southland,fcs,,2377,McNeese,Southland,fcs,,,,,,,,,,,,,,2025-11-14T06:12:10.572423+00:00
401767284,2025,13,regular,2025-11-22 21:00:00+00:00,False,False,False,True,3745,Greater Zion Stadium,3101,Utah Tech,UAC,fcs,,2198,Eastern Kentucky,UAC,fcs,,,,,,,,,,,,,,2025-11-14T06:12:10.572423+00:00
401767088,2025,13,regular,2025-11-22 21:00:00+00:00,False,False,False,True,3791,Kibbie Dome,70,Idaho,Big Sky,fcs,,304,Idaho State,Big Sky,fcs,,,,,,,,,,,,,,2025-11-14T06:12:10.572423+00:00
401752779,2025,13,regular,2025-11-22 21:15:00+00:00,False,False,False,False,3994,Williams-Brice Stadium,2579,South Carolina,SEC,fbs,1637.0,324,Coastal Carolina,Sun Belt,fbs,1318.0,,,,,,,,,,,,,2025-11-14T06:12:10.572423+00:00
401754605,2025,13,regular,2025-11-22 21:30:00+00:00,False,False,False,False,3836,"Memorial Stadium (Clemson, SC)",228,Clemson,ACC,fbs,1725.0,231,Furman,Southern,fcs,,,,,,,1725.0,,,,,,,2025-11-14T06:12:10.572423+00:00
401767247,2025,13,regular,2025-11-22 22:00:00+00:00,False,False,False,True,3711,Estes Stadium,2110,Central Arkansas,UAC,fcs,,2000,Abilene Christian,UAC,fcs,,,,,,,,,,,,,,2025-11-14T06:12:10.572423+00:00
401767068,2025,13,regular,2025-11-22 22:00:00+00:00,False,False,False,True,1027,Alex G. Spanos Stadium,13,Cal Poly,Big Sky,fcs,,331,Eastern Washington,Big Sky,fcs,,,,,,,,,,,,,,2025-11-14T06:12:10.572423+00:00
401761659,2025,13,regular,2025-11-22 22:00:00+00:00,False,False,False,True,3644,Bobcat Stadium (TX),326,Texas State,Sun Belt,fbs,1483.0,2433,UL Monroe,Sun Belt,fbs,998.0,,,,,,,,,,,,,2025-11-14T06:12:10.572423+00:00
401767276,2025,13,regular,2025-11-22 22:00:00+00:00,False,False,False,True,3827,"Memorial Stadium (Stephenville, TX)",2627,Tarleton State,UAC,fcs,,2046,Austin Peay,UAC,fcs,,,,,,,,,,,,,,2025-11-14T06:12:10.572423+00:00
401767467,2025,13,regular,2025-11-22 23:00:00+00:00,False,False,False,False,6006,Robert and Janet Vackar Stadium,292,UT Rio Grande Valley,Southland,fcs,,2837,East Texas A&M,Southland,fcs,,,,,,,,,,,,,,2025-11-14T06:12:10.572423+00:00
401760415,2025,13,regular,2025-11-23 00:00:00+00:00,False,False,False,True,3713,Falcon Stadium,2005,Air Force,Mountain West,fbs,1388.0,167,New Mexico,Mountain West,fbs,1460.0,,,,,,,,,,,,,2025-11-14T06:12:10.572423+00:00
401754599,2025,13,regular,2025-11-23 00:30:00+00:00,False,False,False,True,3940,Stanford Stadium,24,Stanford,ACC,fbs,1246.0,25,California,ACC,fbs,1420.0,,,,,,,,,,,,,2025-11-14T06:12:10.572423+00:00
401752777,2025,13,regular,2025-11-23 00:45:00+00:00,False,False,False,False,3958,Tiger Stadium (LA),99,LSU,SEC,fbs,1695.0,98,Western Kentucky,Conference USA,fbs,1386.0,,,,,,,,,,,,,2025-11-14T06:12:10.572423+00:00
401760417,2025,13,regular,2025-11-23 03:30:00+00:00,False,False,False,True,3660,Valley Children's Stadium,278,Fresno State,Mountain West,fbs,1468.0,328,Utah State,Mountain West,fbs,1422.0,,,,,,,,,,,,,2025-11-14T06:12:10.572423+00:00
